"","p_val","avg_log2FC","pct.1","pct.2","p_val_adj","cluster","gene"
"C3",9.55074135250851e-97,1.44013377838089,0.654,0.154,2.89903203014043e-92,"Endometrioma","C3"
"SOD2",6.92613498072156e-88,1.24691081337253,0.589,0.122,2.10235901204822e-83,"Endometrioma","SOD2"
"RARRES1",3.5143896165941e-80,1.17318167421443,0.481,0.068,1.06675782422097e-75,"Endometrioma","RARRES1"
"SLPI",5.73745538516982e-71,2.03246281137664,0.53,0.141,1.74154720761445e-66,"Endometrioma","SLPI"
"CLDN1",4.73348875767171e-70,1.21020652833303,0.439,0.068,1.43680317750367e-65,"Endometrioma","CLDN1"
"PRG4",1.92765547399334e-68,1.22943924166031,0.389,0.039,5.85120542575937e-64,"Endometrioma","PRG4"
"NNMT",8.49575225947856e-63,0.752197109146609,0.478,0.101,2.57880064084212e-58,"Endometrioma","NNMT"
"TNFAIP3",4.53590842550673e-58,0.928882141438108,0.478,0.119,1.37682964347831e-53,"Endometrioma","TNFAIP3"
"IER3",3.9405338031368e-57,1.02210175157327,0.526,0.148,1.19610963060414e-52,"Endometrioma","IER3"
"WFDC2",1.45777986868285e-55,2.01142635331917,0.356,0.048,4.42494501339993e-51,"Endometrioma","WFDC2"
"HBB",1.98836917367686e-55,-1.53448795445734,0.041,0.317,6.03549578977874e-51,"Endometrioma","HBB"
"CXCL1",5.97048762601408e-53,0.991613703157487,0.244,0.005,1.81228181400032e-48,"Endometrioma","CXCL1"
"GADD45A",3.21933734011235e-52,0.878226049432426,0.478,0.13,9.77197656217702e-48,"Endometrioma","GADD45A"
"MT2A",1.63182231163331e-50,1.25798005370254,0.82,0.698,4.95323344473176e-46,"Endometrioma","MT2A"
"CPB1",1.74182471724228e-50,0.849690480777354,0.241,0.006,5.28713474671721e-46,"Endometrioma","CPB1"
"KRT7",3.16130077791177e-50,0.727913652472067,0.341,0.048,9.5958123812734e-46,"Endometrioma","KRT7"
"RPS27",1.47368799716415e-48,-0.551961792190338,0.999,1,4.47323254659206e-44,"Endometrioma","RPS27"
"HP",2.18158134118164e-47,1.00020778789923,0.246,0.013,6.62197200302274e-43,"Endometrioma","HP"
"CXCL8",1.02187588765171e-46,0.914865749803784,0.225,0.006,3.101802069378e-42,"Endometrioma","CXCL8"
"TFPI2",3.78165240056677e-46,0.813324010982869,0.334,0.053,1.14788276966804e-41,"Endometrioma","TFPI2"
"S100A6",4.47049318523333e-46,0.990895623978718,0.937,0.941,1.35697350144572e-41,"Endometrioma","S100A6"
"COL8A1",7.91969525601791e-46,0.466290330935556,0.293,0.035,2.40394429801168e-41,"Endometrioma","COL8A1"
"KLF6",1.60888814060382e-45,0.726528718334866,0.733,0.571,4.88361906198882e-41,"Endometrioma","KLF6"
"ANXA2",2.80308712530084e-45,0.569346088927452,0.557,0.211,8.50849066013818e-41,"Endometrioma","ANXA2"
"ST13",5.13764506923988e-45,-0.297217458858603,0.559,0.458,1.55948078431707e-40,"Endometrioma","ST13"
"PCP4",4.10961697905209e-44,0.612345017659294,0.25,0.019,1.24743313782147e-39,"Endometrioma","PCP4"
"CCDC80",7.21710836680523e-44,0.680629179474682,0.423,0.113,2.19068107366006e-39,"Endometrioma","CCDC80"
"TM4SF1",1.63089456106855e-43,0.717945895361481,0.429,0.117,4.95041735066747e-39,"Endometrioma","TM4SF1"
"KRT18",2.08850040587513e-43,0.92002972730454,0.494,0.166,6.33943413199336e-39,"Endometrioma","KRT18"
"POLR2L",4.81250607089693e-43,0.421333271901788,0.526,0.206,1.46078809276005e-38,"Endometrioma","POLR2L"
"SNHG8",4.91839669310223e-43,-0.493024585157295,0.383,0.436,1.49293013222425e-38,"Endometrioma","SNHG8"
"CFB",1.45753884673388e-41,0.499363907911569,0.287,0.039,4.42421341537601e-37,"Endometrioma","CFB"
"MGST1",2.57283292440184e-41,0.404493557938422,0.25,0.023,7.80957705872935e-37,"Endometrioma","MGST1"
"CXCL2",2.885868141095e-41,0.637679848837901,0.256,0.026,8.75976415547977e-37,"Endometrioma","CXCL2"
"NPC2",4.07776929197057e-41,0.484058025126388,0.499,0.18,1.23776609088475e-36,"Endometrioma","NPC2"
"JUN",4.49579606160927e-41,-0.73190099302713,0.762,0.958,1.36465393654088e-36,"Endometrioma","JUN"
"SUB1",1.62373055552643e-40,0.41009165775448,0.45,0.151,4.92867172824491e-36,"Endometrioma","SUB1"
"RPL30",2.02801743092402e-40,-0.479021249334274,0.995,1,6.15584410982676e-36,"Endometrioma","RPL30"
"LY6E",4.12819946142887e-40,0.409974511072127,0.514,0.206,1.25307366452212e-35,"Endometrioma","LY6E"
"NFKBIZ",9.61815730035433e-40,0.398044457138672,0.35,0.088,2.91949546694955e-35,"Endometrioma","NFKBIZ"
"CCL2",1.19140875165609e-39,0.985016500778767,0.392,0.105,3.61640212477689e-35,"Endometrioma","CCL2"
"AHR",7.39220467502589e-39,0.343051499856798,0.234,0.021,2.24382980705736e-34,"Endometrioma","AHR"
"BIRC3",7.62925686307585e-39,0.526328612943935,0.267,0.035,2.31578462821804e-34,"Endometrioma","BIRC3"
"ANXA5",9.99987857610721e-39,0.361465786035187,0.501,0.206,3.03536314299158e-34,"Endometrioma","ANXA5"
"SEC61G",1.09011922239409e-38,0.360789020040538,0.473,0.183,3.30894788765502e-34,"Endometrioma","SEC61G"
"TNFAIP2",1.16666551440238e-38,0.399711667445521,0.222,0.016,3.54129650241697e-34,"Endometrioma","TNFAIP2"
"NCOA7",1.43378439302113e-38,0.541371645252204,0.342,0.076,4.35210914657633e-34,"Endometrioma","NCOA7"
"VMP1",1.56188351015066e-38,0.517195141312297,0.503,0.198,4.74094120671133e-34,"Endometrioma","VMP1"
"CST6",1.42248664785557e-37,0.435164024610342,0.183,0.005,4.3178159709008e-33,"Endometrioma","CST6"
"CLU",2.03005346284219e-37,0.86085899547638,0.527,0.214,6.16202428111118e-33,"Endometrioma","CLU"
"IL1R1",2.08922946111543e-37,0.332784600601389,0.246,0.034,6.34164710626976e-33,"Endometrioma","IL1R1"
"RPL21",4.1202361859384e-37,-0.530757929840769,0.986,1,1.25065649187974e-32,"Endometrioma","RPL21"
"NDUFS5",8.56602696140179e-37,0.263552963283534,0.616,0.328,2.6001318238639e-32,"Endometrioma","NDUFS5"
"IL6ST",9.58179883216912e-37,0.385417223111517,0.375,0.109,2.90845921751662e-32,"Endometrioma","IL6ST"
"TRAM1",1.13118047417472e-36,0.294908334860418,0.297,0.069,3.43358521130995e-32,"Endometrioma","TRAM1"
"KRT8",1.53276661045259e-36,0.608669021581686,0.395,0.116,4.65255976936778e-32,"Endometrioma","KRT8"
"POMP",2.19329725171743e-36,0.359267238962043,0.336,0.087,6.65753447786308e-32,"Endometrioma","POMP"
"CDH1",2.69991875410856e-36,0.309008072524216,0.206,0.014,8.19533338622112e-32,"Endometrioma","CDH1"
"FOSL2",3.23819942480808e-36,0.267315216868328,0.344,0.113,9.82923053406244e-32,"Endometrioma","FOSL2"
"CFI",7.12990846187362e-36,0.331098522590011,0.302,0.064,2.16421241451712e-31,"Endometrioma","CFI"
"CPA4",7.79374898207693e-36,0.378840089000019,0.186,0.008,2.36571456601963e-31,"Endometrioma","CPA4"
"C1R",7.9553024520357e-36,0.398938648417139,0.506,0.215,2.41475250629092e-31,"Endometrioma","C1R"
"C1S",9.5976591682194e-36,0.358751366358045,0.474,0.198,2.91327346392131e-31,"Endometrioma","C1S"
"COX7B",1.22943591015665e-35,0.313816307125756,0.422,0.161,3.7318297616895e-31,"Endometrioma","COX7B"
"IGF1",1.81115835516361e-35,0.408601745767859,0.245,0.035,5.49759007126361e-31,"Endometrioma","IGF1"
"ATP5PF",2.54133452765297e-35,0.272898953023259,0.468,0.204,7.71396682523781e-31,"Endometrioma","ATP5PF"
"LAMA4",2.60137943682511e-35,0.403415700754575,0.297,0.059,7.89622714253894e-31,"Endometrioma","LAMA4"
"CCND2",3.02288219841992e-35,0.309755588677009,0.277,0.058,9.17565662508384e-31,"Endometrioma","CCND2"
"SERPING1",8.20470108035019e-35,0.386105041052872,0.598,0.299,2.4904549659295e-30,"Endometrioma","SERPING1"
"MT-CO2",9.50504520983636e-35,0.74667584898589,0.989,0.997,2.88516142299373e-30,"Endometrioma","MT-CO2"
"IGFBP5",1.02363534341286e-34,-0.848059897902584,0.381,0.658,3.10714272139538e-30,"Endometrioma","IGFBP5"
"MT1E",1.27787698516925e-34,0.969212671361781,0.516,0.225,3.87886780078275e-30,"Endometrioma","MT1E"
"ALDH1A3",1.60488611461409e-34,0.379149104620367,0.221,0.023,4.87147131229959e-30,"Endometrioma","ALDH1A3"
"HEG1",2.23819140552226e-34,0.377776219562642,0.249,0.035,6.79380619232226e-30,"Endometrioma","HEG1"
"KLF10",2.37654451113067e-34,0.380929812349013,0.376,0.121,7.21376320908605e-30,"Endometrioma","KLF10"
"RPL35A",2.78766568954163e-34,-0.462340127358671,0.988,0.998,8.46168043403466e-30,"Endometrioma","RPL35A"
"CANX",2.80262754916686e-34,0.263355121870889,0.389,0.151,8.50709566274108e-30,"Endometrioma","CANX"
"MT-CO1",4.42445743251342e-34,0.749994033411158,0.99,0.995,1.34299980906512e-29,"Endometrioma","MT-CO1"
"CCN1",4.76843703467785e-34,0.692112497529257,0.342,0.088,1.44741137750611e-29,"Endometrioma","CCN1"
"TPM1",7.37220863051733e-34,0.488470599727876,0.497,0.206,2.23776020770723e-29,"Endometrioma","TPM1"
"ERRFI1",1.22584999606997e-33,0.454364576829009,0.364,0.108,3.72094507807078e-29,"Endometrioma","ERRFI1"
"DCN",1.73873694366988e-33,-0.551037448899508,0.683,0.91,5.27776211881557e-29,"Endometrioma","DCN"
"CXADR",3.80591714993928e-33,0.254001305554807,0.184,0.011,1.15524809169257e-28,"Endometrioma","CXADR"
"RPS27L",8.07553258809745e-33,0.378572236791078,0.44,0.169,2.4512471617911e-28,"Endometrioma","RPS27L"
"NEAT1",8.11120072542397e-33,1.04898136080855,0.901,0.873,2.46207386819519e-28,"Endometrioma","NEAT1"
"FOS",1.32890159208244e-32,-0.472284936817861,0.839,0.986,4.03374789260704e-28,"Endometrioma","FOS"
"JUNB",1.36801293368989e-32,-0.533169986374086,0.742,0.942,4.15246645892229e-28,"Endometrioma","JUNB"
"ARID5B",1.79110554886026e-32,0.302699985272158,0.464,0.204,5.43672178301044e-28,"Endometrioma","ARID5B"
"CD9",3.40502490518718e-32,0.450780108516433,0.409,0.145,1.03356125972052e-27,"Endometrioma","CD9"
"TNFSF10",3.64506011528472e-32,0.356533179941921,0.25,0.042,1.10642154739352e-27,"Endometrioma","TNFSF10"
"ENO1",4.69536542159608e-32,0.333579124287479,0.347,0.109,1.42523122007127e-27,"Endometrioma","ENO1"
"MUC16",1.01281607878016e-31,0.389440886669622,0.196,0.018,3.07430192552929e-27,"Endometrioma","MUC16"
"KTN1",1.3097806694345e-31,0.330237322267144,0.42,0.167,3.97570824400147e-27,"Endometrioma","KTN1"
"EIF4G2",1.78569895034038e-31,0.264135982343947,0.406,0.169,5.4203105938632e-27,"Endometrioma","EIF4G2"
"RPS21",2.29871743365801e-31,-0.4469030784578,0.944,1,6.97752689812553e-27,"Endometrioma","RPS21"
"CIRBP",3.0185346666612e-31,-0.575481335391175,0.509,0.69,9.16246012718341e-27,"Endometrioma","CIRBP"
"ICAM1",3.24112222386783e-31,0.492429418190181,0.241,0.039,9.83810239832841e-27,"Endometrioma","ICAM1"
"CRIM1",4.67317212105007e-31,0.379473382161825,0.32,0.085,1.41849466562354e-26,"Endometrioma","CRIM1"
"SDC4",5.42902857952192e-31,0.463205649470779,0.301,0.072,1.64792733502808e-26,"Endometrioma","SDC4"
"H3F3B",8.27568828296323e-31,-0.528256348509456,0.911,0.987,2.51200242141066e-26,"Endometrioma","H3F3B"
"ATF3",8.57940338084808e-31,0.256851936364176,0.441,0.206,2.60419210222263e-26,"Endometrioma","ATF3"
"MRPL33",1.017650605038e-30,0.296140041874533,0.397,0.154,3.08897664653234e-26,"Endometrioma","MRPL33"
"COL3A1",1.1606558897069e-30,0.726865308852484,0.59,0.561,3.52305488761633e-26,"Endometrioma","COL3A1"
"PERP",1.6208997383437e-30,0.373403556310002,0.22,0.031,4.92007906576848e-26,"Endometrioma","PERP"
"CYBA",2.37604267872079e-30,0.507898136774731,0.259,0.05,7.21223994698909e-26,"Endometrioma","CYBA"
"RPS5",2.50926599822636e-30,-0.491866042013378,0.96,0.995,7.61662601101628e-26,"Endometrioma","RPS5"
"PDIA3",2.91261129541231e-30,0.261465776880043,0.354,0.13,8.84094032609451e-26,"Endometrioma","PDIA3"
"GJA1",3.02228028645271e-30,0.347006851041774,0.316,0.09,9.17382958149857e-26,"Endometrioma","GJA1"
"MIF",3.23529626280719e-30,0.668747301295531,0.629,0.346,9.82041827612494e-26,"Endometrioma","MIF"
"HIF1A",3.26727444148326e-30,0.338140824252874,0.274,0.059,9.9174848396783e-26,"Endometrioma","HIF1A"
"PTGDS",3.70924765381773e-30,0.580797509439941,0.229,0.035,1.12590503283983e-25,"Endometrioma","PTGDS"
"KRT19",1.10610372151328e-29,0.724665094540221,0.483,0.209,3.35746723628142e-25,"Endometrioma","KRT19"
"ATP5MD",3.22777566656253e-29,0.314617765663173,0.496,0.238,9.7975902582839e-25,"Endometrioma","ATP5MD"
"FABP5",3.38051523762443e-29,0.40229585668617,0.231,0.039,1.02612159522852e-24,"Endometrioma","FABP5"
"FAU",4.19042233442169e-29,-0.454377678265921,0.98,0.998,1.27196079539036e-24,"Endometrioma","FAU"
"BCHE",4.43352138722694e-29,0.283206625600757,0.187,0.019,1.34575108187887e-24,"Endometrioma","BCHE"
"UBXN4",5.63782699959796e-29,0.254602960567231,0.367,0.146,1.71130600745796e-24,"Endometrioma","UBXN4"
"SBSPON",7.17153795711711e-29,0.352373787065971,0.276,0.064,2.17684863150333e-24,"Endometrioma","SBSPON"
"NAMPT",7.74164664351993e-29,0.434134914734188,0.393,0.145,2.34989942217404e-24,"Endometrioma","NAMPT"
"SGK1",1.37960498158643e-28,0.438879867220224,0.379,0.133,4.18765296110744e-24,"Endometrioma","SGK1"
"TNFRSF12A",2.71797530523686e-28,0.339804812566153,0.217,0.034,8.25014224151597e-24,"Endometrioma","TNFRSF12A"
"TGM2",3.45237339291758e-28,0.268714873603898,0.157,0.01,1.0479334196862e-23,"Endometrioma","TGM2"
"CFH",6.55255687663899e-28,0.395372753361955,0.382,0.14,1.988963114335e-23,"Endometrioma","CFH"
"RPS11",6.98647411138636e-28,-0.425638223640223,0.988,1,2.12067435177022e-23,"Endometrioma","RPS11"
"YWHAZ",1.05887921579401e-27,0.265139526892834,0.432,0.201,3.21412197162115e-23,"Endometrioma","YWHAZ"
"SEMA3C",1.66006289878514e-27,0.322949138493292,0.23,0.042,5.03895492297241e-23,"Endometrioma","SEMA3C"
"MT-ND3",2.05560065311514e-27,0.696911542272347,0.991,0.997,6.2395702224657e-23,"Endometrioma","MT-ND3"
"MT-ND4",2.26075248459546e-27,0.655928494403251,0.992,0.995,6.86228809174106e-23,"Endometrioma","MT-ND4"
"MYL12B",2.30924847591061e-27,0.389733390579097,0.588,0.314,7.00949282377907e-23,"Endometrioma","MYL12B"
"HBA2",2.95273208069879e-27,-0.742970006341868,0.042,0.215,8.96272295775312e-23,"Endometrioma","HBA2"
"MGP",2.99194467971271e-27,0.464818339550729,0.616,0.701,9.08174888079995e-23,"Endometrioma","MGP"
"MT-ND5",3.57610119172749e-27,0.491747907035081,0.967,0.982,1.08548975573696e-22,"Endometrioma","MT-ND5"
"ITGB8",3.94126053720832e-27,0.288398049125883,0.184,0.021,1.19633022346421e-22,"Endometrioma","ITGB8"
"LXN",4.56399975906154e-27,0.402386938793647,0.251,0.055,1.38535648686554e-22,"Endometrioma","LXN"
"VAMP8",4.80017277788928e-27,0.260873439053863,0.209,0.034,1.45704444500051e-22,"Endometrioma","VAMP8"
"SULF1",5.57606292150511e-27,0.331436381152963,0.208,0.032,1.69255813919366e-22,"Endometrioma","SULF1"
"PPA1",5.67192486514244e-27,0.288716803990048,0.325,0.109,1.72165607356534e-22,"Endometrioma","PPA1"
"VIM",6.27675626925926e-27,-0.406364392052872,0.877,0.973,1.90524659797096e-22,"Endometrioma","VIM"
"TMEM59",6.67505937365349e-27,0.263183747719264,0.391,0.167,2.02614752227878e-22,"Endometrioma","TMEM59"
"LAMB1",9.49139823033851e-27,0.285776694505049,0.228,0.045,2.88101901883695e-22,"Endometrioma","LAMB1"
"ANXA3",1.54191321899125e-26,0.303158772733285,0.224,0.042,4.68032338492605e-22,"Endometrioma","ANXA3"
"NRP2",1.81010369549431e-26,0.291386757592245,0.215,0.037,5.49438875730342e-22,"Endometrioma","NRP2"
"WEE1",2.01342240930277e-26,0.26399053434113,0.191,0.027,6.11154238119763e-22,"Endometrioma","WEE1"
"LDHA",2.23478221621324e-26,0.309294658480538,0.391,0.164,6.78345793909368e-22,"Endometrioma","LDHA"
"EFEMP1",2.55663269877879e-26,0.314546805328947,0.275,0.079,7.76040289387315e-22,"Endometrioma","EFEMP1"
"PMAIP1",2.74441874658934e-26,0.265775832218232,0.129,0.003,8.33040866339729e-22,"Endometrioma","PMAIP1"
"PRSS23",2.79747174016438e-26,0.300057662755433,0.239,0.055,8.49144572009496e-22,"Endometrioma","PRSS23"
"BGN",3.83433874616023e-26,0.360947680245746,0.231,0.047,1.16387518300948e-21,"Endometrioma","BGN"
"NFIB",3.89322844837321e-26,0.28856212775941,0.314,0.106,1.1817505632192e-21,"Endometrioma","NFIB"
"C12orf57",4.66110026779101e-26,-0.261976623918464,0.45,0.429,1.41483037528528e-21,"Endometrioma","C12orf57"
"CPEB4",7.25120392733811e-26,0.299355894128666,0.218,0.04,2.20103044010421e-21,"Endometrioma","CPEB4"
"MYL12A",7.58124319447334e-26,0.420987700682054,0.537,0.273,2.30121055925044e-21,"Endometrioma","MYL12A"
"RTN4",1.45898180907595e-25,0.271767884932849,0.342,0.133,4.42859338326913e-21,"Endometrioma","RTN4"
"S100A11",4.8089108078514e-25,0.652499412998316,0.536,0.326,1.45969678661522e-20,"Endometrioma","S100A11"
"SPATS2L",5.73403156576257e-25,0.312276499695881,0.278,0.077,1.74050794147157e-20,"Endometrioma","SPATS2L"
"CAST",5.94041786974319e-25,0.29508740167848,0.342,0.127,1.80315444018185e-20,"Endometrioma","CAST"
"SERPINE1",6.66189006408826e-25,0.51568491911545,0.217,0.042,2.02215011005335e-20,"Endometrioma","SERPINE1"
"C4orf48",7.3418245983828e-25,0.278609825990702,0.204,0.035,2.22853743859312e-20,"Endometrioma","C4orf48"
"CXCL3",8.18242432509012e-25,0.305480115009793,0.127,0.005,2.48369307963785e-20,"Endometrioma","CXCL3"
"RARRES2",1.26215443182605e-24,0.297370702047493,0.61,0.365,3.83114356236479e-20,"Endometrioma","RARRES2"
"RPS13",1.63660025633713e-24,-0.421266582404771,0.99,1,4.96773641808572e-20,"Endometrioma","RPS13"
"CNN3",2.69583933207948e-24,0.255347097435123,0.334,0.132,8.18295070859405e-20,"Endometrioma","CNN3"
"SAA1",3.7277077975125e-24,0.925037942318778,0.101,0,1.13150842485694e-19,"Endometrioma","SAA1"
"ARPC3",4.12651536085382e-24,0.286270875933315,0.325,0.122,1.25256247263357e-19,"Endometrioma","ARPC3"
"DAB2",4.17048080581903e-24,0.296354153737746,0.285,0.087,1.26590774379831e-19,"Endometrioma","DAB2"
"ATP5MPL",6.58066377927937e-24,0.26629515949717,0.41,0.19,1.99749468356246e-19,"Endometrioma","ATP5MPL"
"TIMP1",8.26257991917068e-24,0.810350641553277,0.812,0.696,2.50802350866507e-19,"Endometrioma","TIMP1"
"PLOD2",8.47247702005152e-24,0.252218327099301,0.211,0.043,2.57173567466644e-19,"Endometrioma","PLOD2"
"PDZK1IP1",9.38828859494766e-24,0.337293494366263,0.164,0.019,2.84972112011041e-19,"Endometrioma","PDZK1IP1"
"CCNL1",1.02577025566594e-23,0.304819068060794,0.456,0.228,3.11362303404841e-19,"Endometrioma","CCNL1"
"CTSB",1.61512634803652e-23,0.424608756971602,0.247,0.063,4.90255451683005e-19,"Endometrioma","CTSB"
"RPSA",1.64342268069378e-23,-0.403739426550049,0.92,0.992,4.98844520497789e-19,"Endometrioma","RPSA"
"RPS26",2.67535350916814e-23,-0.389254207182943,0.816,0.968,8.12076804172896e-19,"Endometrioma","RPS26"
"PROCR",2.94078035759506e-23,0.294630758437764,0.225,0.051,8.92644469744403e-19,"Endometrioma","PROCR"
"RPL19",2.94499612233649e-23,-0.41169797742457,0.983,1,8.93924122974019e-19,"Endometrioma","RPL19"
"C12orf75",3.22019020629998e-23,0.284770810617376,0.183,0.029,9.77456535220297e-19,"Endometrioma","C12orf75"
"THY1",4.98573720164319e-23,0.288135779912225,0.204,0.04,1.51337067018677e-18,"Endometrioma","THY1"
"SPARC",5.06544603612028e-23,0.594837925450636,0.559,0.359,1.53756548980395e-18,"Endometrioma","SPARC"
"DNAJB1",5.91631943599473e-23,-0.298740191918146,0.537,0.777,1.79583960160184e-18,"Endometrioma","DNAJB1"
"RPS10",6.6519681331503e-23,-0.439035827737972,0.889,0.971,2.01913840713644e-18,"Endometrioma","RPS10"
"HINT1",7.05771039904828e-23,0.30487184708742,0.65,0.404,2.14229741452712e-18,"Endometrioma","HINT1"
"S100A10",7.83881002208634e-23,0.684525872075509,0.718,0.677,2.37939239410409e-18,"Endometrioma","S100A10"
"TMSB4X",8.27399491142321e-23,0.501063166523985,0.982,0.997,2.5114884154134e-18,"Endometrioma","TMSB4X"
"COL1A1",8.57610008422082e-23,0.451508831164847,0.613,0.699,2.60318941956439e-18,"Endometrioma","COL1A1"
"FOSB",8.60556852206891e-23,-0.47685340268683,0.713,0.9,2.6121342691888e-18,"Endometrioma","FOSB"
"RPS7",1.05976002530583e-22,-0.409938171394839,0.986,1,3.21679558081331e-18,"Endometrioma","RPS7"
"IFI27",1.20281215013008e-22,0.535926049418051,0.366,0.146,3.65101600050485e-18,"Endometrioma","IFI27"
"MYH10",1.47521719739331e-22,0.285276231994289,0.239,0.061,4.47787428096765e-18,"Endometrioma","MYH10"
"COL1A2",2.17013530655764e-22,0.516295715476177,0.58,0.619,6.58722870952506e-18,"Endometrioma","COL1A2"
"HSPA5",2.30603773970285e-22,0.317388720339588,0.373,0.159,6.99974695509402e-18,"Endometrioma","HSPA5"
"RPL23A",6.12499090225762e-22,-0.38832867884756,0.994,1,1.85917973847128e-17,"Endometrioma","RPL23A"
"RPL5",6.40069406831171e-22,-0.342814901040893,0.974,1,1.94286667749534e-17,"Endometrioma","RPL5"
"PDLIM1",7.31288829528616e-22,0.290230311613603,0.219,0.051,2.21975411315116e-17,"Endometrioma","PDLIM1"
"RPS8",7.41309541181838e-22,-0.336188795744353,0.998,1,2.25017098130335e-17,"Endometrioma","RPS8"
"AEBP1",8.02096144435476e-22,0.270297438901094,0.302,0.116,2.43468263681944e-17,"Endometrioma","AEBP1"
"PRDX5",8.42783367975441e-22,0.282172084501551,0.421,0.206,2.55818463515265e-17,"Endometrioma","PRDX5"
"IGFBP2",4.12803232083305e-21,0.391439386270717,0.242,0.068,1.25302293066566e-16,"Endometrioma","IGFBP2"
"HLA-DRA",5.56426119018365e-21,0.696306415243524,0.17,0.031,1.68897584166835e-16,"Endometrioma","HLA-DRA"
"VCAM1",6.2508104163496e-21,0.391413085515693,0.202,0.045,1.89737099377876e-16,"Endometrioma","VCAM1"
"SPRY1",7.30971826116513e-21,0.38959122168198,0.314,0.116,2.21879188099406e-16,"Endometrioma","SPRY1"
"CPE",7.43711064901798e-21,0.271696105131905,0.271,0.092,2.25746056640292e-16,"Endometrioma","CPE"
"SRGN",7.56509385808131e-21,0.314733993846795,0.145,0.206,2.296308589682e-16,"Endometrioma","SRGN"
"TMSB10",9.22507369961823e-21,0.43404454105342,0.99,0.981,2.80017887078212e-16,"Endometrioma","TMSB10"
"RAMP1",1.18198415152469e-20,0.274988100042124,0.182,0.035,3.58779469353805e-16,"Endometrioma","RAMP1"
"HMGN3",1.52143030449698e-20,0.257954902882682,0.356,0.158,4.61814954627012e-16,"Endometrioma","HMGN3"
"HTRA1",2.32380032071533e-20,0.271304024606098,0.377,0.177,7.05366349349932e-16,"Endometrioma","HTRA1"
"RPL24",3.04193246317559e-20,-0.363966115622251,0.988,0.998,9.23348179872318e-16,"Endometrioma","RPL24"
"B4GALT1",6.68949117305478e-20,0.290650500857262,0.225,0.061,2.03052815066905e-15,"Endometrioma","B4GALT1"
"BHLHE40",8.95687462013602e-20,0.277613010448881,0.275,0.098,2.71876972219609e-15,"Endometrioma","BHLHE40"
"RPS15",1.80336599941009e-19,-0.325095674760782,0.993,1,5.4739371546094e-15,"Endometrioma","RPS15"
"CD74",1.86043755452498e-19,0.640204545749745,0.244,0.076,5.64717215300513e-15,"Endometrioma","CD74"
"BST2",1.98492422011269e-19,-0.412677822411311,0.262,0.357,6.02503897773005e-15,"Endometrioma","BST2"
"RPS3",2.45592394568593e-19,-0.373052854152018,0.973,0.998,7.45471154473506e-15,"Endometrioma","RPS3"
"MUC1",2.57770138037915e-19,0.369869935495467,0.111,0.008,7.82435477000287e-15,"Endometrioma","MUC1"
"RPL18",2.72779596516928e-19,-0.393483236735817,0.989,1,8.27995187267484e-15,"Endometrioma","RPL18"
"ATP2B1",2.96528470717717e-19,0.251628472093203,0.224,0.064,9.0008252001656e-15,"Endometrioma","ATP2B1"
"RPL37A",7.1655889116163e-19,-0.32709158903651,0.989,1,2.17504285823201e-14,"Endometrioma","RPL37A"
"RPL9",7.85156367955774e-19,-0.345324245205769,0.993,1,2.38326363929296e-14,"Endometrioma","RPL9"
"EIF1",1.10713703388632e-18,-0.396410187482631,0.962,0.989,3.36060375265853e-14,"Endometrioma","EIF1"
"CD24",1.84520013002698e-18,0.363841305869209,0.106,0.006,5.6009204746839e-14,"Endometrioma","CD24"
"CCL4",1.85755948069084e-18,0.416601137102036,0.11,0.008,5.63843604768898e-14,"Endometrioma","CCL4"
"MT1X",2.01674799863792e-18,0.526896267895538,0.429,0.219,6.12163687506554e-14,"Endometrioma","MT1X"
"SRSF3",3.46493385444569e-18,-0.378780005046551,0.329,0.392,1.05174602217844e-13,"Endometrioma","SRSF3"
"C19orf33",4.191712436996e-18,0.343602398857777,0.325,0.137,1.27235239312577e-13,"Endometrioma","C19orf33"
"PTGIS",4.75391678990636e-18,0.294408064945833,0.254,0.087,1.44300390240818e-13,"Endometrioma","PTGIS"
"TPI1",5.36408388263383e-18,0.266689783943055,0.331,0.146,1.62821402173467e-13,"Endometrioma","TPI1"
"C11orf96",5.72052402922696e-18,-1.12190573362689,0.21,0.209,1.73640786383155e-13,"Endometrioma","C11orf96"
"SERF2",8.91962918321096e-18,0.279540103418991,0.894,0.902,2.70746424227185e-13,"Endometrioma","SERF2"
"RPL13A",1.01762527983004e-17,-0.323056760185672,0.994,1,3.08889977439612e-13,"Endometrioma","RPL13A"
"RPL38",1.19360166092639e-17,-0.298805291854001,0.957,0.998,3.62305848157596e-13,"Endometrioma","RPL38"
"RACK1",1.48724011162859e-17,-0.350088438291647,0.937,0.992,4.51436863483741e-13,"Endometrioma","RACK1"
"CCN2",2.17620571707351e-17,0.312838264079464,0.169,0.037,6.60565483360493e-13,"Endometrioma","CCN2"
"SAT1",3.92005036550662e-17,0.477757395258227,0.734,0.653,1.18989208794588e-12,"Endometrioma","SAT1"
"RPL3",5.33980812118506e-17,-0.305244917830065,0.985,1,1.62084535710451e-12,"Endometrioma","RPL3"
"MSLN",6.22604944762091e-17,0.301838958912974,0.247,0.087,1.88985504933085e-12,"Endometrioma","MSLN"
"RPS29",8.03409698724947e-17,-0.33003128590207,0.97,0.997,2.43866979950971e-12,"Endometrioma","RPS29"
"HBA1",8.05964180081189e-17,-0.389792308718123,0.022,0.125,2.44642367221844e-12,"Endometrioma","HBA1"
"MT-CO3",8.38123790435387e-17,0.561246691658331,0.994,1,2.54404095348757e-12,"Endometrioma","MT-CO3"
"TPT1",9.65995796123368e-17,0.315249557346462,0.999,1,2.93218363955287e-12,"Endometrioma","TPT1"
"RND3",9.67884070601763e-17,0.310847604212024,0.175,0.042,2.93791530790459e-12,"Endometrioma","RND3"
"PFN1",1.72371284479941e-16,0.331118327451546,0.397,0.203,5.23215796910414e-12,"Endometrioma","PFN1"
"SLC34A2",3.2721680234128e-16,0.268404808448255,0.101,0.01,9.93233881826722e-12,"Endometrioma","SLC34A2"
"MT-ATP6",3.33206415947261e-16,0.47890284592649,0.991,0.998,1.01141475496632e-11,"Endometrioma","MT-ATP6"
"RPS16",4.08949052957374e-16,-0.358798196281471,0.99,0.997,1.24132395534681e-11,"Endometrioma","RPS16"
"RPL10",4.3335855904063e-16,-0.314771683420819,0.996,1,1.31541657011193e-11,"Endometrioma","RPL10"
"CTGF",1.05375207005862e-15,0.364752192792084,0.128,0.021,3.19855903345593e-11,"Endometrioma","CTGF"
"SFRP4",1.21711036094605e-15,0.499032623892709,0.137,0.029,3.69441678961564e-11,"Endometrioma","SFRP4"
"RPS23",1.63968001578623e-15,-0.285951757958726,0.996,1,4.97708471991752e-11,"Endometrioma","RPS23"
"RPL8",1.86625521798576e-15,-0.333637201861762,0.983,0.998,5.66483108867397e-11,"Endometrioma","RPL8"
"HMOX1",2.65080433892302e-15,0.318498485810378,0.122,0.019,8.04625149036694e-11,"Endometrioma","HMOX1"
"RPL7A",3.70639805436977e-15,-0.321487550549931,0.988,1,1.1250400654234e-10,"Endometrioma","RPL7A"
"IGKC",3.73866873824639e-15,0.35486342575825,0.122,0.019,1.13483550880731e-10,"Endometrioma","IGKC"
"PTMA",4.9164435831895e-15,0.28198096020545,0.997,1,1.49233728524134e-10,"Endometrioma","PTMA"
"ADAMTS1",6.24820990528573e-15,-0.416677606858197,0.156,0.227,1.89658163465043e-10,"Endometrioma","ADAMTS1"
"RPS9",7.30061466143049e-15,-0.314237442059516,0.985,0.998,2.21602857433061e-10,"Endometrioma","RPS9"
"S100A13",7.96240118585692e-15,0.278780471269786,0.315,0.151,2.41690725595501e-10,"Endometrioma","S100A13"
"RPL15",1.00170357499477e-14,-0.324440876863706,0.995,1,3.04057103153914e-10,"Endometrioma","RPL15"
"COMMD6",1.01920410686692e-14,-0.276392267219397,0.63,0.629,3.09369214598385e-10,"Endometrioma","COMMD6"
"CALD1",1.18787358414026e-14,0.325931475406648,0.77,0.76,3.60567147729934e-10,"Endometrioma","CALD1"
"FN1",4.14130357848804e-14,0.370774972003747,0.251,0.103,1.25705128821426e-09,"Endometrioma","FN1"
"RPS27A",5.50289224218462e-14,-0.258905636113206,0.996,1,1.67034791119272e-09,"Endometrioma","RPS27A"
"RPL35",5.58496402023087e-14,-0.289017175043208,0.981,1,1.69525997870088e-09,"Endometrioma","RPL35"
"PKM",5.6207700497708e-14,0.269443597774569,0.225,0.084,1.70612854090743e-09,"Endometrioma","PKM"
"ACTB",8.62874730310998e-14,0.33129389941562,0.904,0.958,2.619169956386e-09,"Endometrioma","ACTB"
"RPLP2",9.00147765719786e-14,-0.282629270405509,0.992,0.998,2.73230852806584e-09,"Endometrioma","RPLP2"
"CYR61",1.01377556418295e-13,0.369179612342819,0.16,0.043,3.07721434752093e-09,"Endometrioma","CYR61"
"IGFBP3",1.71818467136174e-13,0.458847619639879,0.138,0.032,5.21537775145142e-09,"Endometrioma","IGFBP3"
"TXN",2.99030565806544e-13,0.499664030480291,0.46,0.286,9.07677379449182e-09,"Endometrioma","TXN"
"RPL27A",3.54254078376674e-13,-0.275168983764845,0.981,0.998,1.07530282950456e-08,"Endometrioma","RPL27A"
"PNRC1",7.64151921916631e-13,0.335053888542417,0.621,0.444,2.31950674378574e-08,"Endometrioma","PNRC1"
"CALM1",1.04116218232093e-12,-0.291163354505308,0.43,0.614,3.16034368821696e-08,"Endometrioma","CALM1"
"RPS17",1.11378251109998e-12,0.335106353463202,0.603,0.418,3.38077543419288e-08,"Endometrioma","RPS17"
"HSPH1",1.31492487243059e-12,0.295578215900006,0.216,0.084,3.99132295777581e-08,"Endometrioma","HSPH1"
"ITLN1",1.51769185321783e-12,-0.442257160330494,0.071,0.182,4.6068018512574e-08,"Endometrioma","ITLN1"
"CTSD",1.72690899184911e-12,0.295821901536808,0.242,0.103,5.2418595538588e-08,"Endometrioma","CTSD"
"UBA52",2.16513994683993e-12,-0.315681095393545,0.983,0.994,6.57206579463793e-08,"Endometrioma","UBA52"
"SNHG29",2.66930087288322e-12,0.575437092738852,0.462,0.346,8.10239586954972e-08,"Endometrioma","SNHG29"
"HSP90B1",2.69976927526695e-12,0.262208143695586,0.592,0.41,8.19487965814529e-08,"Endometrioma","HSP90B1"
"FTH1",3.37436193129891e-12,0.595801594072984,0.989,0.995,1.02425382062647e-07,"Endometrioma","FTH1"
"PDK4",4.26654875457435e-12,-0.347691510682452,0.138,0.209,1.2950682089635e-07,"Endometrioma","PDK4"
"IFITM3",5.15441172839866e-12,0.297274101207736,0.856,0.805,1.56457013603813e-07,"Endometrioma","IFITM3"
"CXCR4",6.50695846267072e-12,0.364778832435353,0.101,0.018,1.97512217175907e-07,"Endometrioma","CXCR4"
"RPS3A",6.74132265131279e-12,-0.251461097355463,0.993,1,2.04626107757949e-07,"Endometrioma","RPS3A"
"PLA2G2A",1.15445163179735e-11,0.341467167102867,0.142,0.04,3.50422248315767e-07,"Endometrioma","PLA2G2A"
"NME2",1.18346616483734e-11,0.263981041229702,0.403,0.241,3.59229319674725e-07,"Endometrioma","NME2"
"RPS25",1.53242909794395e-11,-0.258438328125842,0.987,0.998,4.65153528389907e-07,"Endometrioma","RPS25"
"JUND",2.18503040115464e-11,-0.320603874693329,0.827,0.929,6.6324412796648e-07,"Endometrioma","JUND"
"MALAT1",4.61416150489417e-11,0.454508199346367,0.986,0.981,1.40058258319558e-06,"Endometrioma","MALAT1"
"MT-CYB",5.65282214106077e-11,0.526722206892465,0.992,0.997,1.71585763269759e-06,"Endometrioma","MT-CYB"
"ADIRF",1.55843144290672e-10,-0.323086454583255,0.494,0.518,4.73046280179906e-06,"Endometrioma","ADIRF"
"NFKBIA",1.72200905287548e-10,0.298153296203186,0.571,0.547,5.22698627909824e-06,"Endometrioma","NFKBIA"
"ZNF331",4.97059193529628e-10,-0.348088063357512,0.081,0.162,1.50877347603983e-05,"Endometrioma","ZNF331"
"RPL22",6.17610995707189e-10,-0.298427490347379,0.986,0.998,1.8746964163696e-05,"Endometrioma","RPL22"
"ANXA1",1.76966144902926e-09,0.333109777439074,0.51,0.383,5.37163036238342e-05,"Endometrioma","ANXA1"
"SPRR2F",1.7836858717747e-09,-0.419586910978477,0.146,0.256,5.41420009518494e-05,"Endometrioma","SPRR2F"
"HLA-E",1.01482771401901e-08,-0.315301514887405,0.288,0.423,0.00030804080431333,"Endometrioma","HLA-E"
"MT-ND4L",1.12869258473687e-08,0.288993430213358,0.717,0.6,0.000342603347171028,"Endometrioma","MT-ND4L"
"EGR1",3.99557063258233e-08,-0.394712157439373,0.797,0.862,0.00121281550981404,"Endometrioma","EGR1"
"TOMM7",1.05910284995741e-07,-0.251964445215663,0.802,0.892,0.00321480079076073,"Endometrioma","TOMM7"
"IGFBP7",1.06021709041113e-07,0.391483621116235,0.464,0.391,0.00321818295623393,"Endometrioma","IGFBP7"
"SFRP1",1.2464330791767e-07,-0.29649117131541,0.08,0.156,0.00378342296853297,"Endometrioma","SFRP1"
"RPS20",1.4571418218153e-07,-0.293354746290531,0.928,0.974,0.00442300828593817,"Endometrioma","RPS20"
"APOE",2.93393993982353e-07,0.309198824526672,0.187,0.092,0.00890568129334034,"Endometrioma","APOE"
"B2M",8.54664174726795e-07,0.361777992403892,0.977,0.99,0.0259424763596571,"Endometrioma","B2M"
"TAGLN",1.15792251978268e-06,0.448892161151682,0.404,0.28,0.0351475801654835,"Endometrioma","TAGLN"
"HSPB1",5.41674283066276e-06,0.267717407518278,0.597,0.526,0.164419811881937,"Endometrioma","HSPB1"
"GADD45B",2.53238131096304e-05,0.264297157012072,0.52,0.405,0.76867902312972,"Endometrioma","GADD45B"
"C3.1",9.55074135251068e-97,-1.44013377838089,0.154,0.654,2.89903203014109e-92,"Unaffected ovary","C3"
"SOD2.1",6.92613498072471e-88,-1.24691081337253,0.122,0.589,2.10235901204918e-83,"Unaffected ovary","SOD2"
"RARRES1.1",3.5143896165945e-80,-1.17318167421443,0.068,0.481,1.0667578242211e-75,"Unaffected ovary","RARRES1"
"SLPI.1",5.73745538516917e-71,-2.03246281137664,0.141,0.53,1.74154720761425e-66,"Unaffected ovary","SLPI"
"CLDN1.1",4.7334887576701e-70,-1.21020652833303,0.068,0.439,1.43680317750318e-65,"Unaffected ovary","CLDN1"
"PRG4.1",1.92765547399334e-68,-1.22943924166031,0.039,0.389,5.85120542575937e-64,"Unaffected ovary","PRG4"
"NNMT.1",8.49575225947663e-63,-0.752197109146609,0.101,0.478,2.57880064084154e-58,"Unaffected ovary","NNMT"
"TNFAIP3.1",4.53590842550724e-58,-0.928882141438108,0.119,0.478,1.37682964347847e-53,"Unaffected ovary","TNFAIP3"
"IER3.1",3.9405338031368e-57,-1.02210175157327,0.148,0.526,1.19610963060414e-52,"Unaffected ovary","IER3"
"WFDC2.1",1.45777986868335e-55,-2.01142635331917,0.048,0.356,4.42494501340144e-51,"Unaffected ovary","WFDC2"
"HBB.1",1.98836917367731e-55,1.53448795445734,0.317,0.041,6.03549578978011e-51,"Unaffected ovary","HBB"
"CXCL1.1",5.97048762601408e-53,-0.991613703157487,0.005,0.244,1.81228181400032e-48,"Unaffected ovary","CXCL1"
"GADD45A.1",3.21933734011271e-52,-0.878226049432426,0.13,0.478,9.77197656217813e-48,"Unaffected ovary","GADD45A"
"MT2A.1",1.63182231163331e-50,-1.25798005370254,0.698,0.82,4.95323344473176e-46,"Unaffected ovary","MT2A"
"CPB1.1",1.74182471724149e-50,-0.849690480777354,0.006,0.241,5.28713474671481e-46,"Unaffected ovary","CPB1"
"KRT7.1",3.16130077791285e-50,-0.727913652472067,0.048,0.341,9.59581238127667e-46,"Unaffected ovary","KRT7"
"RPS27.1",1.47368799716478e-48,0.551961792190338,1,0.999,4.47323254659397e-44,"Unaffected ovary","RPS27"
"HP.1",2.18158134118164e-47,-1.00020778789923,0.013,0.246,6.62197200302274e-43,"Unaffected ovary","HP"
"CXCL8.1",1.02187588765188e-46,-0.914865749803784,0.006,0.225,3.10180206937852e-42,"Unaffected ovary","CXCL8"
"TFPI2.1",3.78165240056677e-46,-0.813324010982869,0.053,0.334,1.14788276966804e-41,"Unaffected ovary","TFPI2"
"S100A6.1",4.47049318523333e-46,-0.990895623978718,0.941,0.937,1.35697350144572e-41,"Unaffected ovary","S100A6"
"COL8A1.1",7.91969525601881e-46,-0.466290330935556,0.035,0.293,2.40394429801195e-41,"Unaffected ovary","COL8A1"
"KLF6.1",1.60888814060308e-45,-0.726528718334866,0.571,0.733,4.8836190619866e-41,"Unaffected ovary","KLF6"
"ANXA2.1",2.80308712530084e-45,-0.569346088927452,0.211,0.557,8.50849066013818e-41,"Unaffected ovary","ANXA2"
"ST13.1",5.13764506923871e-45,0.297217458858603,0.458,0.559,1.55948078431672e-40,"Unaffected ovary","ST13"
"PCP4.1",4.10961697905197e-44,-0.612345017659294,0.019,0.25,1.24743313782144e-39,"Unaffected ovary","PCP4"
"CCDC80.1",7.21710836680687e-44,-0.680629179474682,0.113,0.423,2.19068107366056e-39,"Unaffected ovary","CCDC80"
"TM4SF1.1",1.63089456106855e-43,-0.717945895361481,0.117,0.429,4.95041735066747e-39,"Unaffected ovary","TM4SF1"
"KRT18.1",2.08850040587513e-43,-0.92002972730454,0.166,0.494,6.33943413199336e-39,"Unaffected ovary","KRT18"
"POLR2L.1",4.81250607089693e-43,-0.421333271901788,0.206,0.526,1.46078809276005e-38,"Unaffected ovary","POLR2L"
"SNHG8.1",4.91839669310223e-43,0.493024585157295,0.436,0.383,1.49293013222425e-38,"Unaffected ovary","SNHG8"
"CFB.1",1.45753884673437e-41,-0.499363907911569,0.039,0.287,4.42421341537752e-37,"Unaffected ovary","CFB"
"MGST1.1",2.5728329244014e-41,-0.404493557938422,0.023,0.25,7.80957705872802e-37,"Unaffected ovary","MGST1"
"CXCL2.1",2.88586814109599e-41,-0.637679848837901,0.026,0.256,8.75976415548276e-37,"Unaffected ovary","CXCL2"
"NPC2.1",4.07776929197046e-41,-0.484058025126388,0.18,0.499,1.23776609088471e-36,"Unaffected ovary","NPC2"
"JUN.1",4.49579606160876e-41,0.73190099302713,0.958,0.762,1.36465393654072e-36,"Unaffected ovary","JUN"
"SUB1.1",1.62373055552606e-40,-0.41009165775448,0.151,0.45,4.92867172824379e-36,"Unaffected ovary","SUB1"
"RPL30.1",2.02801743092505e-40,0.479021249334274,1,0.995,6.15584410982991e-36,"Unaffected ovary","RPL30"
"LY6E.1",4.12819946142793e-40,-0.409974511072127,0.206,0.514,1.25307366452183e-35,"Unaffected ovary","LY6E"
"NFKBIZ.1",9.61815730035105e-40,-0.398044457138672,0.088,0.35,2.91949546694856e-35,"Unaffected ovary","NFKBIZ"
"CCL2.1",1.19140875165622e-39,-0.985016500778767,0.105,0.392,3.6164021247773e-35,"Unaffected ovary","CCL2"
"AHR.1",7.39220467502505e-39,-0.343051499856798,0.021,0.234,2.2438298070571e-34,"Unaffected ovary","AHR"
"BIRC3.1",7.62925686307412e-39,-0.526328612943935,0.035,0.267,2.31578462821752e-34,"Unaffected ovary","BIRC3"
"ANXA5.1",9.9998785761038e-39,-0.361465786035187,0.206,0.501,3.03536314299055e-34,"Unaffected ovary","ANXA5"
"SEC61G.1",1.09011922239384e-38,-0.360789020040538,0.183,0.473,3.30894788765427e-34,"Unaffected ovary","SEC61G"
"TNFAIP2.1",1.16666551440234e-38,-0.399711667445521,0.016,0.222,3.54129650241687e-34,"Unaffected ovary","TNFAIP2"
"NCOA7.1",1.43378439302113e-38,-0.541371645252204,0.076,0.342,4.35210914657633e-34,"Unaffected ovary","NCOA7"
"VMP1.1",1.56188351015031e-38,-0.517195141312297,0.198,0.503,4.74094120671025e-34,"Unaffected ovary","VMP1"
"CST6.1",1.42248664785541e-37,-0.435164024610342,0.005,0.183,4.31781597090031e-33,"Unaffected ovary","CST6"
"CLU.1",2.03005346284173e-37,-0.86085899547638,0.214,0.527,6.16202428110978e-33,"Unaffected ovary","CLU"
"IL1R1.1",2.08922946111575e-37,-0.332784600601389,0.034,0.246,6.34164710627076e-33,"Unaffected ovary","IL1R1"
"RPL21.1",4.12023618593875e-37,0.530757929840769,1,0.986,1.25065649187985e-32,"Unaffected ovary","RPL21"
"NDUFS5.1",8.56602696139985e-37,-0.263552963283534,0.328,0.616,2.60013182386331e-32,"Unaffected ovary","NDUFS5"
"IL6ST.1",9.58179883217021e-37,-0.385417223111517,0.109,0.375,2.90845921751695e-32,"Unaffected ovary","IL6ST"
"TRAM1.1",1.1311804741748e-36,-0.294908334860418,0.069,0.297,3.4335852113102e-32,"Unaffected ovary","TRAM1"
"KRT8.1",1.53276661045206e-36,-0.608669021581686,0.116,0.395,4.65255976936619e-32,"Unaffected ovary","KRT8"
"POMP.1",2.19329725171843e-36,-0.359267238962043,0.087,0.336,6.65753447786611e-32,"Unaffected ovary","POMP"
"CDH1.1",2.69991875410825e-36,-0.309008072524216,0.014,0.206,8.19533338622019e-32,"Unaffected ovary","CDH1"
"FOSL2.1",3.23819942480808e-36,-0.267315216868328,0.113,0.344,9.82923053406244e-32,"Unaffected ovary","FOSL2"
"CFI.1",7.12990846187199e-36,-0.331098522590011,0.064,0.302,2.16421241451663e-31,"Unaffected ovary","CFI"
"CPA4.1",7.79374898207505e-36,-0.378840089000019,0.008,0.186,2.36571456601906e-31,"Unaffected ovary","CPA4"
"C1R.1",7.95530245203751e-36,-0.398938648417139,0.215,0.506,2.41475250629147e-31,"Unaffected ovary","C1R"
"C1S.1",9.59765916822376e-36,-0.358751366358045,0.198,0.474,2.91327346392264e-31,"Unaffected ovary","C1S"
"COX7B.1",1.22943591015609e-35,-0.313816307125756,0.161,0.422,3.7318297616878e-31,"Unaffected ovary","COX7B"
"IGF1.1",1.81115835516412e-35,-0.408601745767859,0.035,0.245,5.49759007126517e-31,"Unaffected ovary","IGF1"
"ATP5PF.1",2.54133452765181e-35,-0.272898953023259,0.204,0.468,7.71396682523431e-31,"Unaffected ovary","ATP5PF"
"LAMA4.1",2.60137943682511e-35,-0.403415700754575,0.059,0.297,7.89622714253894e-31,"Unaffected ovary","LAMA4"
"CCND2.1",3.02288219841937e-35,-0.309755588677009,0.058,0.277,9.17565662508214e-31,"Unaffected ovary","CCND2"
"SERPING1.1",8.20470108034832e-35,-0.386105041052872,0.299,0.598,2.49045496592893e-30,"Unaffected ovary","SERPING1"
"MT-CO2.1",9.50504520983865e-35,-0.74667584898589,0.997,0.989,2.88516142299442e-30,"Unaffected ovary","MT-CO2"
"IGFBP5.1",1.02363534341309e-34,0.848059897902584,0.658,0.381,3.10714272139609e-30,"Unaffected ovary","IGFBP5"
"MT1E.1",1.27787698516954e-34,-0.969212671361781,0.225,0.516,3.87886780078363e-30,"Unaffected ovary","MT1E"
"ALDH1A3.1",1.60488611461395e-34,-0.379149104620367,0.023,0.221,4.87147131229918e-30,"Unaffected ovary","ALDH1A3"
"HEG1.1",2.23819140552239e-34,-0.377776219562642,0.035,0.249,6.79380619232265e-30,"Unaffected ovary","HEG1"
"KLF10.1",2.37654451113067e-34,-0.380929812349013,0.121,0.376,7.21376320908605e-30,"Unaffected ovary","KLF10"
"RPL35A.1",2.78766568954199e-34,0.462340127358671,0.998,0.988,8.46168043403575e-30,"Unaffected ovary","RPL35A"
"CANX.1",2.80262754916718e-34,-0.263355121870889,0.151,0.389,8.50709566274205e-30,"Unaffected ovary","CANX"
"MT-CO1.1",4.42445743251324e-34,-0.749994033411158,0.995,0.99,1.34299980906507e-29,"Unaffected ovary","MT-CO1"
"CCN1.1",4.7684370346773e-34,-0.692112497529257,0.088,0.342,1.44741137750595e-29,"Unaffected ovary","CCN1"
"TPM1.1",7.37220863051733e-34,-0.488470599727876,0.206,0.497,2.23776020770723e-29,"Unaffected ovary","TPM1"
"ERRFI1.1",1.22584999607011e-33,-0.454364576829009,0.108,0.364,3.7209450780712e-29,"Unaffected ovary","ERRFI1"
"DCN.1",1.7387369436689e-33,0.551037448899508,0.91,0.683,5.27776211881257e-29,"Unaffected ovary","DCN"
"CXADR.1",3.80591714993885e-33,-0.254001305554807,0.011,0.184,1.15524809169244e-28,"Unaffected ovary","CXADR"
"RPS27L.1",8.07553258809745e-33,-0.378572236791078,0.169,0.44,2.4512471617911e-28,"Unaffected ovary","RPS27L"
"NEAT1.1",8.11120072542397e-33,-1.04898136080855,0.873,0.901,2.46207386819519e-28,"Unaffected ovary","NEAT1"
"FOS.1",1.32890159208259e-32,0.472284936817861,0.986,0.839,4.0337478926075e-28,"Unaffected ovary","FOS"
"JUNB.1",1.3680129336902e-32,0.533169986374086,0.942,0.742,4.15246645892324e-28,"Unaffected ovary","JUNB"
"ARID5B.1",1.79110554885986e-32,-0.302699985272158,0.204,0.464,5.43672178300921e-28,"Unaffected ovary","ARID5B"
"CD9.1",3.40502490518718e-32,-0.450780108516433,0.145,0.409,1.03356125972052e-27,"Unaffected ovary","CD9"
"TNFSF10.1",3.64506011528555e-32,-0.356533179941921,0.042,0.25,1.10642154739378e-27,"Unaffected ovary","TNFSF10"
"ENO1.1",4.69536542159502e-32,-0.333579124287479,0.109,0.347,1.42523122007095e-27,"Unaffected ovary","ENO1"
"MUC16.1",1.01281607878016e-31,-0.389440886669622,0.018,0.196,3.07430192552929e-27,"Unaffected ovary","MUC16"
"KTN1.1",1.3097806694345e-31,-0.330237322267144,0.167,0.42,3.97570824400147e-27,"Unaffected ovary","KTN1"
"EIF4G2.1",1.78569895034038e-31,-0.264135982343947,0.169,0.406,5.4203105938632e-27,"Unaffected ovary","EIF4G2"
"RPS21.1",2.29871743365932e-31,0.4469030784578,1,0.944,6.9775268981295e-27,"Unaffected ovary","RPS21"
"CIRBP.1",3.0185346666612e-31,0.575481335391175,0.69,0.509,9.16246012718341e-27,"Unaffected ovary","CIRBP"
"ICAM1.1",3.24112222386709e-31,-0.492429418190181,0.039,0.241,9.83810239832617e-27,"Unaffected ovary","ICAM1"
"CRIM1.1",4.67317212105046e-31,-0.379473382161825,0.085,0.32,1.41849466562366e-26,"Unaffected ovary","CRIM1"
"SDC4.1",5.42902857952253e-31,-0.463205649470779,0.072,0.301,1.64792733502827e-26,"Unaffected ovary","SDC4"
"H3F3B.1",8.27568828296181e-31,0.528256348509456,0.987,0.911,2.51200242141023e-26,"Unaffected ovary","H3F3B"
"ATF3.1",8.57940338085003e-31,-0.256851936364176,0.206,0.441,2.60419210222322e-26,"Unaffected ovary","ATF3"
"MRPL33.1",1.01765060503785e-30,-0.296140041874533,0.154,0.397,3.0889766465319e-26,"Unaffected ovary","MRPL33"
"COL3A1.1",1.16065588970717e-30,-0.726865308852484,0.561,0.59,3.52305488761713e-26,"Unaffected ovary","COL3A1"
"PERP.1",1.62089973834297e-30,-0.373403556310002,0.031,0.22,4.92007906576624e-26,"Unaffected ovary","PERP"
"CYBA.1",2.37604267872079e-30,-0.507898136774731,0.05,0.259,7.21223994698909e-26,"Unaffected ovary","CYBA"
"RPS5.1",2.50926599822714e-30,0.491866042013378,0.995,0.96,7.61662601101866e-26,"Unaffected ovary","RPS5"
"PDIA3.1",2.9126112954121e-30,-0.261465776880043,0.13,0.354,8.84094032609388e-26,"Unaffected ovary","PDIA3"
"GJA1.1",3.02228028645293e-30,-0.347006851041774,0.09,0.316,9.17382958149922e-26,"Unaffected ovary","GJA1"
"MIF.1",3.23529626280719e-30,-0.668747301295531,0.346,0.629,9.82041827612494e-26,"Unaffected ovary","MIF"
"HIF1A.1",3.26727444148206e-30,-0.338140824252874,0.059,0.274,9.91748483967463e-26,"Unaffected ovary","HIF1A"
"PTGDS.1",3.70924765381688e-30,-0.580797509439941,0.035,0.229,1.12590503283958e-25,"Unaffected ovary","PTGDS"
"KRT19.1",1.10610372151328e-29,-0.724665094540221,0.209,0.483,3.35746723628142e-25,"Unaffected ovary","KRT19"
"ATP5MD.1",3.22777566656253e-29,-0.314617765663173,0.238,0.496,9.7975902582839e-25,"Unaffected ovary","ATP5MD"
"FABP5.1",3.38051523762511e-29,-0.40229585668617,0.039,0.231,1.02612159522872e-24,"Unaffected ovary","FABP5"
"FAU.1",4.19042233442074e-29,0.454377678265921,0.998,0.98,1.27196079539007e-24,"Unaffected ovary","FAU"
"BCHE.1",4.43352138722543e-29,-0.283206625600757,0.019,0.187,1.34575108187841e-24,"Unaffected ovary","BCHE"
"UBXN4.1",5.63782699959924e-29,-0.254602960567231,0.146,0.367,1.71130600745835e-24,"Unaffected ovary","UBXN4"
"SBSPON.1",7.17153795711792e-29,-0.352373787065971,0.064,0.276,2.17684863150357e-24,"Unaffected ovary","SBSPON"
"NAMPT.1",7.74164664351553e-29,-0.434134914734188,0.145,0.393,2.3498994221727e-24,"Unaffected ovary","NAMPT"
"SGK1.1",1.37960498158639e-28,-0.438879867220224,0.133,0.379,4.18765296110732e-24,"Unaffected ovary","SGK1"
"TNFRSF12A.1",2.71797530523663e-28,-0.339804812566153,0.034,0.217,8.25014224151527e-24,"Unaffected ovary","TNFRSF12A"
"TGM2.1",3.45237339291758e-28,-0.268714873603898,0.01,0.157,1.0479334196862e-23,"Unaffected ovary","TGM2"
"CFH.1",6.55255687663676e-28,-0.395372753361955,0.14,0.382,1.98896311433432e-23,"Unaffected ovary","CFH"
"RPS11.1",6.98647411138855e-28,0.425638223640223,1,0.988,2.12067435177088e-23,"Unaffected ovary","RPS11"
"YWHAZ.1",1.05887921579344e-27,-0.265139526892834,0.201,0.432,3.21412197161941e-23,"Unaffected ovary","YWHAZ"
"SEMA3C.1",1.66006289878537e-27,-0.322949138493292,0.042,0.23,5.03895492297312e-23,"Unaffected ovary","SEMA3C"
"MT-ND3.1",2.05560065311467e-27,-0.696911542272347,0.997,0.991,6.23957022246428e-23,"Unaffected ovary","MT-ND3"
"MT-ND4.1",2.26075248459517e-27,-0.655928494403251,0.995,0.992,6.86228809174018e-23,"Unaffected ovary","MT-ND4"
"MYL12B.1",2.30924847591114e-27,-0.389733390579097,0.314,0.588,7.00949282378066e-23,"Unaffected ovary","MYL12B"
"HBA2.1",2.95273208069846e-27,0.742970006341868,0.215,0.042,8.9627229577521e-23,"Unaffected ovary","HBA2"
"MGP.1",2.99194467971271e-27,-0.464818339550729,0.701,0.616,9.08174888079995e-23,"Unaffected ovary","MGP"
"MT-ND5.1",3.57610119172779e-27,-0.491747907035081,0.982,0.967,1.08548975573705e-22,"Unaffected ovary","MT-ND5"
"ITGB8.1",3.94126053720653e-27,-0.288398049125883,0.021,0.184,1.19633022346367e-22,"Unaffected ovary","ITGB8"
"LXN.1",4.56399975906141e-27,-0.402386938793647,0.055,0.251,1.3853564868655e-22,"Unaffected ovary","LXN"
"VAMP8.1",4.8001727778886e-27,-0.260873439053863,0.034,0.209,1.45704444500031e-22,"Unaffected ovary","VAMP8"
"SULF1.1",5.57606292150558e-27,-0.331436381152963,0.032,0.208,1.6925581391938e-22,"Unaffected ovary","SULF1"
"PPA1.1",5.6719248651422e-27,-0.288716803990048,0.109,0.325,1.72165607356526e-22,"Unaffected ovary","PPA1"
"VIM.1",6.27675626925855e-27,0.406364392052872,0.973,0.877,1.90524659797074e-22,"Unaffected ovary","VIM"
"TMEM59.1",6.67505937365501e-27,-0.263183747719264,0.167,0.391,2.02614752227924e-22,"Unaffected ovary","TMEM59"
"LAMB1.1",9.49139823033958e-27,-0.285776694505049,0.045,0.228,2.88101901883728e-22,"Unaffected ovary","LAMB1"
"ANXA3.1",1.54191321899108e-26,-0.303158772733285,0.042,0.224,4.68032338492552e-22,"Unaffected ovary","ANXA3"
"NRP2.1",1.8101036954941e-26,-0.291386757592245,0.037,0.215,5.49438875730279e-22,"Unaffected ovary","NRP2"
"WEE1.1",2.01342240930283e-26,-0.26399053434113,0.027,0.191,6.1115423811978e-22,"Unaffected ovary","WEE1"
"LDHA.1",2.23478221621324e-26,-0.309294658480538,0.164,0.391,6.78345793909368e-22,"Unaffected ovary","LDHA"
"EFEMP1.1",2.55663269877937e-26,-0.314546805328947,0.079,0.275,7.76040289387491e-22,"Unaffected ovary","EFEMP1"
"PMAIP1.1",2.74441874658928e-26,-0.265775832218232,0.003,0.129,8.33040866339712e-22,"Unaffected ovary","PMAIP1"
"PRSS23.1",2.7974717401646e-26,-0.300057662755433,0.055,0.239,8.49144572009562e-22,"Unaffected ovary","PRSS23"
"BGN.1",3.83433874616034e-26,-0.360947680245746,0.047,0.231,1.16387518300951e-21,"Unaffected ovary","BGN"
"NFIB.1",3.89322844837349e-26,-0.28856212775941,0.106,0.314,1.18175056321929e-21,"Unaffected ovary","NFIB"
"C12orf57.1",4.66110026779101e-26,0.261976623918464,0.429,0.45,1.41483037528528e-21,"Unaffected ovary","C12orf57"
"CPEB4.1",7.25120392733656e-26,-0.299355894128666,0.04,0.218,2.20103044010374e-21,"Unaffected ovary","CPEB4"
"MYL12A.1",7.58124319447334e-26,-0.420987700682054,0.273,0.537,2.30121055925044e-21,"Unaffected ovary","MYL12A"
"RTN4.1",1.45898180907595e-25,-0.271767884932849,0.133,0.342,4.42859338326913e-21,"Unaffected ovary","RTN4"
"S100A11.1",4.8089108078514e-25,-0.652499412998316,0.326,0.536,1.45969678661522e-20,"Unaffected ovary","S100A11"
"SPATS2L.1",5.73403156576281e-25,-0.312276499695881,0.077,0.278,1.74050794147164e-20,"Unaffected ovary","SPATS2L"
"CAST.1",5.94041786974222e-25,-0.29508740167848,0.127,0.342,1.80315444018155e-20,"Unaffected ovary","CAST"
"SERPINE1.1",6.66189006408674e-25,-0.51568491911545,0.042,0.217,2.02215011005289e-20,"Unaffected ovary","SERPINE1"
"C4orf48.1",7.34182459838196e-25,-0.278609825990702,0.035,0.204,2.22853743859286e-20,"Unaffected ovary","C4orf48"
"CXCL3.1",8.18242432509058e-25,-0.305480115009793,0.005,0.127,2.483693079638e-20,"Unaffected ovary","CXCL3"
"RARRES2.1",1.26215443182634e-24,-0.297370702047493,0.365,0.61,3.83114356236566e-20,"Unaffected ovary","RARRES2"
"RPS13.1",1.63660025633702e-24,0.421266582404771,1,0.99,4.9677364180854e-20,"Unaffected ovary","RPS13"
"CNN3.1",2.6958393320804e-24,-0.255347097435123,0.132,0.334,8.18295070859684e-20,"Unaffected ovary","CNN3"
"SAA1.1",3.72770779751143e-24,-0.925037942318778,0,0.101,1.13150842485662e-19,"Unaffected ovary","SAA1"
"ARPC3.1",4.12651536085476e-24,-0.286270875933315,0.122,0.325,1.25256247263385e-19,"Unaffected ovary","ARPC3"
"DAB2.1",4.17048080581915e-24,-0.296354153737746,0.087,0.285,1.26590774379834e-19,"Unaffected ovary","DAB2"
"ATP5MPL.1",6.58066377927937e-24,-0.26629515949717,0.19,0.41,1.99749468356246e-19,"Unaffected ovary","ATP5MPL"
"TIMP1.1",8.26257991917162e-24,-0.810350641553277,0.696,0.812,2.50802350866535e-19,"Unaffected ovary","TIMP1"
"PLOD2.1",8.47247702004863e-24,-0.252218327099301,0.043,0.211,2.57173567466556e-19,"Unaffected ovary","PLOD2"
"PDZK1IP1.1",9.38828859495193e-24,-0.337293494366263,0.019,0.164,2.84972112011171e-19,"Unaffected ovary","PDZK1IP1"
"CCNL1.1",1.02577025566594e-23,-0.304819068060794,0.228,0.456,3.11362303404841e-19,"Unaffected ovary","CCNL1"
"CTSB.1",1.61512634803661e-23,-0.424608756971602,0.063,0.247,4.90255451683033e-19,"Unaffected ovary","CTSB"
"RPSA.1",1.6434226806934e-23,0.403739426550049,0.992,0.92,4.98844520497675e-19,"Unaffected ovary","RPSA"
"RPS26.1",2.67535350916753e-23,0.389254207182943,0.968,0.816,8.12076804172711e-19,"Unaffected ovary","RPS26"
"PROCR.1",2.94078035759637e-23,-0.294630758437764,0.051,0.225,8.92644469744803e-19,"Unaffected ovary","PROCR"
"RPL19.1",2.94499612233762e-23,0.41169797742457,1,0.983,8.93924122974362e-19,"Unaffected ovary","RPL19"
"C12orf75.1",3.22019020629998e-23,-0.284770810617376,0.029,0.183,9.77456535220297e-19,"Unaffected ovary","C12orf75"
"THY1.1",4.98573720164269e-23,-0.288135779912225,0.04,0.204,1.51337067018662e-18,"Unaffected ovary","THY1"
"SPARC.1",5.06544603611913e-23,-0.594837925450636,0.359,0.559,1.5375654898036e-18,"Unaffected ovary","SPARC"
"DNAJB1.1",5.91631943599339e-23,0.298740191918146,0.777,0.537,1.79583960160143e-18,"Unaffected ovary","DNAJB1"
"RPS10.1",6.6519681331503e-23,0.439035827737972,0.971,0.889,2.01913840713644e-18,"Unaffected ovary","RPS10"
"HINT1.1",7.05771039904828e-23,-0.30487184708742,0.404,0.65,2.14229741452712e-18,"Unaffected ovary","HINT1"
"S100A10.1",7.83881002208634e-23,-0.684525872075509,0.677,0.718,2.37939239410409e-18,"Unaffected ovary","S100A10"
"TMSB4X.1",8.2739949114218e-23,-0.501063166523985,0.997,0.982,2.51148841541297e-18,"Unaffected ovary","TMSB4X"
"COL1A1.1",8.57610008422277e-23,-0.451508831164847,0.699,0.613,2.60318941956498e-18,"Unaffected ovary","COL1A1"
"FOSB.1",8.60556852206891e-23,0.47685340268683,0.9,0.713,2.6121342691888e-18,"Unaffected ovary","FOSB"
"RPS7.1",1.05976002530605e-22,0.409938171394839,1,0.986,3.216795580814e-18,"Unaffected ovary","RPS7"
"IFI27.1",1.20281215013022e-22,-0.535926049418051,0.146,0.366,3.65101600050527e-18,"Unaffected ovary","IFI27"
"MYH10.1",1.4752171973931e-22,-0.285276231994289,0.061,0.239,4.47787428096701e-18,"Unaffected ovary","MYH10"
"COL1A2.1",2.17013530655764e-22,-0.516295715476177,0.619,0.58,6.58722870952506e-18,"Unaffected ovary","COL1A2"
"HSPA5.1",2.30603773970285e-22,-0.317388720339588,0.159,0.373,6.99974695509402e-18,"Unaffected ovary","HSPA5"
"RPL23A.1",6.12499090225875e-22,0.38832867884756,1,0.994,1.85917973847162e-17,"Unaffected ovary","RPL23A"
"RPL5.1",6.40069406831207e-22,0.342814901040893,1,0.974,1.94286667749545e-17,"Unaffected ovary","RPL5"
"PDLIM1.1",7.31288829528429e-22,-0.290230311613603,0.051,0.219,2.21975411315059e-17,"Unaffected ovary","PDLIM1"
"RPS8.1",7.41309541181917e-22,0.336188795744353,1,0.998,2.25017098130359e-17,"Unaffected ovary","RPS8"
"AEBP1.1",8.02096144435568e-22,-0.270297438901094,0.116,0.302,2.43468263681972e-17,"Unaffected ovary","AEBP1"
"PRDX5.1",8.42783367975441e-22,-0.282172084501551,0.206,0.421,2.55818463515265e-17,"Unaffected ovary","PRDX5"
"IGFBP2.1",4.12803232083457e-21,-0.391439386270717,0.068,0.242,1.25302293066613e-16,"Unaffected ovary","IGFBP2"
"HLA-DRA.1",5.56426119018238e-21,-0.696306415243524,0.031,0.17,1.68897584166796e-16,"Unaffected ovary","HLA-DRA"
"VCAM1.1",6.25081041635031e-21,-0.391413085515693,0.045,0.202,1.89737099377897e-16,"Unaffected ovary","VCAM1"
"SPRY1.1",7.309718261167e-21,-0.38959122168198,0.116,0.314,2.21879188099463e-16,"Unaffected ovary","SPRY1"
"CPE.1",7.43711064901973e-21,-0.271696105131905,0.092,0.271,2.25746056640345e-16,"Unaffected ovary","CPE"
"SRGN.1",7.56509385808217e-21,-0.314733993846795,0.206,0.145,2.29630858968226e-16,"Unaffected ovary","SRGN"
"TMSB10.1",9.2250736996181e-21,-0.43404454105342,0.981,0.99,2.80017887078208e-16,"Unaffected ovary","TMSB10"
"RAMP1.1",1.18198415152483e-20,-0.274988100042124,0.035,0.182,3.58779469353846e-16,"Unaffected ovary","RAMP1"
"HMGN3.1",1.52143030449732e-20,-0.257954902882682,0.158,0.356,4.61814954627117e-16,"Unaffected ovary","HMGN3"
"HTRA1.1",2.32380032071553e-20,-0.271304024606098,0.177,0.377,7.05366349349992e-16,"Unaffected ovary","HTRA1"
"RPL24.1",3.0419324631755e-20,0.363966115622251,0.998,0.988,9.23348179872292e-16,"Unaffected ovary","RPL24"
"B4GALT1.1",6.68949117305554e-20,-0.290650500857262,0.061,0.225,2.03052815066928e-15,"Unaffected ovary","B4GALT1"
"BHLHE40.1",8.95687462014029e-20,-0.277613010448881,0.098,0.275,2.71876972219738e-15,"Unaffected ovary","BHLHE40"
"RPS15.1",1.80336599941035e-19,0.325095674760782,1,0.993,5.47393715461018e-15,"Unaffected ovary","RPS15"
"CD74.1",1.86043755452541e-19,-0.640204545749745,0.076,0.244,5.64717215300642e-15,"Unaffected ovary","CD74"
"BST2.1",1.98492422011269e-19,0.412677822411311,0.357,0.262,6.02503897773005e-15,"Unaffected ovary","BST2"
"RPS3.1",2.45592394568474e-19,0.373052854152018,0.998,0.973,7.45471154473146e-15,"Unaffected ovary","RPS3"
"MUC1.1",2.57770138037911e-19,-0.369869935495467,0.008,0.111,7.82435477000276e-15,"Unaffected ovary","MUC1"
"RPL18.1",2.72779596516967e-19,0.393483236735817,1,0.989,8.27995187267602e-15,"Unaffected ovary","RPL18"
"ATP2B1.1",2.96528470717707e-19,-0.251628472093203,0.064,0.224,9.00082520016528e-15,"Unaffected ovary","ATP2B1"
"RPL37A.1",7.16558891161345e-19,0.32709158903651,1,0.989,2.17504285823115e-14,"Unaffected ovary","RPL37A"
"RPL9.1",7.85156367955763e-19,0.345324245205769,1,0.993,2.38326363929292e-14,"Unaffected ovary","RPL9"
"EIF1.1",1.10713703388676e-18,0.396410187482631,0.989,0.962,3.36060375265987e-14,"Unaffected ovary","EIF1"
"CD24.1",1.84520013002701e-18,-0.363841305869209,0.006,0.106,5.60092047468398e-14,"Unaffected ovary","CD24"
"CCL4.1",1.85755948069116e-18,-0.416601137102036,0.008,0.11,5.63843604768994e-14,"Unaffected ovary","CCL4"
"MT1X.1",2.01674799863746e-18,-0.526896267895538,0.219,0.429,6.12163687506415e-14,"Unaffected ovary","MT1X"
"SRSF3.1",3.46493385444569e-18,0.378780005046551,0.392,0.329,1.05174602217844e-13,"Unaffected ovary","SRSF3"
"C19orf33.1",4.19171243699647e-18,-0.343602398857777,0.137,0.325,1.27235239312591e-13,"Unaffected ovary","C19orf33"
"PTGIS.1",4.75391678990744e-18,-0.294408064945833,0.087,0.254,1.44300390240851e-13,"Unaffected ovary","PTGIS"
"TPI1.1",5.36408388263296e-18,-0.266689783943055,0.146,0.331,1.62821402173441e-13,"Unaffected ovary","TPI1"
"C11orf96.1",5.72052402922761e-18,1.12190573362689,0.209,0.21,1.73640786383175e-13,"Unaffected ovary","C11orf96"
"SERF2.1",8.91962918320893e-18,-0.279540103418991,0.902,0.894,2.70746424227124e-13,"Unaffected ovary","SERF2"
"RPL13A.1",1.0176252798297e-17,0.323056760185672,1,0.994,3.08889977439506e-13,"Unaffected ovary","RPL13A"
"RPL38.1",1.19360166092618e-17,0.298805291854001,0.998,0.957,3.62305848157534e-13,"Unaffected ovary","RPL38"
"RACK1.1",1.48724011162901e-17,0.350088438291647,0.992,0.937,4.51436863483869e-13,"Unaffected ovary","RACK1"
"CCN2.1",2.17620571707422e-17,-0.312838264079464,0.037,0.169,6.60565483360709e-13,"Unaffected ovary","CCN2"
"SAT1.1",3.92005036550573e-17,-0.477757395258227,0.653,0.734,1.18989208794561e-12,"Unaffected ovary","SAT1"
"RPL3.1",5.3398081211868e-17,0.305244917830065,1,0.985,1.62084535710504e-12,"Unaffected ovary","RPL3"
"MSLN.1",6.22604944762232e-17,-0.301838958912974,0.087,0.247,1.88985504933128e-12,"Unaffected ovary","MSLN"
"RPS29.1",8.03409698724924e-17,0.33003128590207,0.997,0.97,2.43866979950964e-12,"Unaffected ovary","RPS29"
"HBA1.1",8.0596418008088e-17,0.389792308718123,0.125,0.022,2.4464236722175e-12,"Unaffected ovary","HBA1"
"MT-CO3.1",8.38123790435995e-17,-0.561246691658331,1,0.994,2.54404095348942e-12,"Unaffected ovary","MT-CO3"
"TPT1.1",9.65995796123615e-17,-0.315249557346462,1,0.999,2.93218363955362e-12,"Unaffected ovary","TPT1"
"RND3.1",9.67884070601653e-17,-0.310847604212024,0.042,0.175,2.93791530790426e-12,"Unaffected ovary","RND3"
"PFN1.1",1.72371284479902e-16,-0.331118327451546,0.203,0.397,5.23215796910295e-12,"Unaffected ovary","PFN1"
"SLC34A2.1",3.27216802341136e-16,-0.268404808448255,0.01,0.101,9.93233881826284e-12,"Unaffected ovary","SLC34A2"
"MT-ATP6.1",3.332064159472e-16,-0.47890284592649,0.998,0.991,1.01141475496613e-11,"Unaffected ovary","MT-ATP6"
"RPS16.1",4.08949052957328e-16,0.358798196281471,0.997,0.99,1.24132395534667e-11,"Unaffected ovary","RPS16"
"RPL10.1",4.33358559040534e-16,0.314771683420819,1,0.996,1.31541657011164e-11,"Unaffected ovary","RPL10"
"CTGF.1",1.05375207005874e-15,-0.364752192792084,0.021,0.128,3.19855903345629e-11,"Unaffected ovary","CTGF"
"SFRP4.1",1.21711036094588e-15,-0.499032623892709,0.029,0.137,3.69441678961512e-11,"Unaffected ovary","SFRP4"
"RPS23.1",1.63968001578602e-15,0.285951757958726,1,0.996,4.97708471991688e-11,"Unaffected ovary","RPS23"
"RPL8.1",1.8662552179856e-15,0.333637201861762,0.998,0.983,5.66483108867349e-11,"Unaffected ovary","RPL8"
"HMOX1.1",2.65080433892363e-15,-0.318498485810378,0.019,0.122,8.04625149036877e-11,"Unaffected ovary","HMOX1"
"RPL7A.1",3.70639805437072e-15,0.321487550549931,1,0.988,1.12504006542369e-10,"Unaffected ovary","RPL7A"
"IGKC.1",3.73866873824618e-15,-0.35486342575825,0.019,0.122,1.13483550880724e-10,"Unaffected ovary","IGKC"
"PTMA.1",4.91644358318888e-15,-0.28198096020545,1,0.997,1.49233728524115e-10,"Unaffected ovary","PTMA"
"ADAMTS1.1",6.2482099052843e-15,0.416677606858197,0.227,0.156,1.89658163465e-10,"Unaffected ovary","ADAMTS1"
"RPS9.1",7.30061466143298e-15,0.314237442059516,0.998,0.985,2.21602857433137e-10,"Unaffected ovary","RPS9"
"S100A13.1",7.96240118585443e-15,-0.278780471269786,0.151,0.315,2.41690725595426e-10,"Unaffected ovary","S100A13"
"RPL15.1",1.00170357499459e-14,0.324440876863706,1,0.995,3.04057103153857e-10,"Unaffected ovary","RPL15"
"COMMD6.1",1.01920410686692e-14,0.276392267219397,0.629,0.63,3.09369214598385e-10,"Unaffected ovary","COMMD6"
"CALD1.1",1.18787358414012e-14,-0.325931475406648,0.76,0.77,3.60567147729894e-10,"Unaffected ovary","CALD1"
"FN1.1",4.14130357848851e-14,-0.370774972003747,0.103,0.251,1.2570512882144e-09,"Unaffected ovary","FN1"
"RPS27A.1",5.50289224218596e-14,0.258905636113206,1,0.996,1.67034791119313e-09,"Unaffected ovary","RPS27A"
"RPL35.1",5.58496402023056e-14,0.289017175043208,1,0.981,1.69525997870078e-09,"Unaffected ovary","RPL35"
"PKM.1",5.62077004976888e-14,-0.269443597774569,0.084,0.225,1.70612854090685e-09,"Unaffected ovary","PKM"
"ACTB.1",8.6287473031095e-14,-0.33129389941562,0.958,0.904,2.61916995638586e-09,"Unaffected ovary","ACTB"
"RPLP2.1",9.00147765719824e-14,0.282629270405509,0.998,0.992,2.73230852806595e-09,"Unaffected ovary","RPLP2"
"CYR61.1",1.01377556418261e-13,-0.369179612342819,0.043,0.16,3.07721434751988e-09,"Unaffected ovary","CYR61"
"IGFBP3.1",1.71818467136179e-13,-0.458847619639879,0.032,0.138,5.21537775145157e-09,"Unaffected ovary","IGFBP3"
"TXN.1",2.99030565806408e-13,-0.499664030480291,0.286,0.46,9.0767737944877e-09,"Unaffected ovary","TXN"
"RPL27A.1",3.54254078376775e-13,0.275168983764845,0.998,0.981,1.07530282950486e-08,"Unaffected ovary","RPL27A"
"PNRC1.1",7.64151921916631e-13,-0.335053888542417,0.444,0.621,2.31950674378574e-08,"Unaffected ovary","PNRC1"
"CALM1.1",1.04116218232141e-12,0.291163354505308,0.614,0.43,3.1603436882184e-08,"Unaffected ovary","CALM1"
"RPS17.1",1.11378251109998e-12,-0.335106353463202,0.418,0.603,3.38077543419288e-08,"Unaffected ovary","RPS17"
"HSPH1.1",1.31492487243104e-12,-0.295578215900006,0.084,0.216,3.99132295777717e-08,"Unaffected ovary","HSPH1"
"ITLN1.1",1.51769185321783e-12,0.442257160330494,0.182,0.071,4.6068018512574e-08,"Unaffected ovary","ITLN1"
"CTSD.1",1.7269089918499e-12,-0.295821901536808,0.103,0.242,5.24185955386119e-08,"Unaffected ovary","CTSD"
"UBA52.1",2.16513994683929e-12,0.315681095393545,0.994,0.983,6.57206579463597e-08,"Unaffected ovary","UBA52"
"SNHG29.1",2.66930087288322e-12,-0.575437092738852,0.346,0.462,8.10239586954972e-08,"Unaffected ovary","SNHG29"
"HSP90B1.1",2.69976927526633e-12,-0.262208143695586,0.41,0.592,8.19487965814343e-08,"Unaffected ovary","HSP90B1"
"FTH1.1",3.37436193129877e-12,-0.595801594072984,0.995,0.989,1.02425382062643e-07,"Unaffected ovary","FTH1"
"PDK4.1",4.26654875457471e-12,0.347691510682452,0.209,0.138,1.29506820896361e-07,"Unaffected ovary","PDK4"
"IFITM3.1",5.15441172839924e-12,-0.297274101207736,0.805,0.856,1.56457013603831e-07,"Unaffected ovary","IFITM3"
"CXCR4.1",6.50695846267155e-12,-0.364778832435353,0.018,0.101,1.97512217175932e-07,"Unaffected ovary","CXCR4"
"RPS3A.1",6.74132265131265e-12,0.251461097355463,1,0.993,2.04626107757944e-07,"Unaffected ovary","RPS3A"
"PLA2G2A.1",1.15445163179748e-11,-0.341467167102867,0.04,0.142,3.50422248315806e-07,"Unaffected ovary","PLA2G2A"
"NME2.1",1.18346616483734e-11,-0.263981041229702,0.241,0.403,3.59229319674725e-07,"Unaffected ovary","NME2"
"RPS25.1",1.53242909794317e-11,0.258438328125842,0.998,0.987,4.65153528389669e-07,"Unaffected ovary","RPS25"
"JUND.1",2.18503040115563e-11,0.320603874693329,0.929,0.827,6.63244127966781e-07,"Unaffected ovary","JUND"
"MALAT1.1",4.6141615048943e-11,-0.454508199346367,0.981,0.986,1.40058258319562e-06,"Unaffected ovary","MALAT1"
"MT-CYB.1",5.65282214106077e-11,-0.526722206892465,0.997,0.992,1.71585763269759e-06,"Unaffected ovary","MT-CYB"
"ADIRF.1",1.55843144290707e-10,0.323086454583255,0.518,0.494,4.73046280180013e-06,"Unaffected ovary","ADIRF"
"NFKBIA.1",1.72200905287548e-10,-0.298153296203186,0.547,0.571,5.22698627909824e-06,"Unaffected ovary","NFKBIA"
"ZNF331.1",4.97059193529628e-10,0.348088063357512,0.162,0.081,1.50877347603983e-05,"Unaffected ovary","ZNF331"
"RPL22.1",6.17610995707171e-10,0.298427490347379,0.998,0.986,1.87469641636955e-05,"Unaffected ovary","RPL22"
"ANXA1.1",1.76966144902926e-09,-0.333109777439074,0.383,0.51,5.37163036238342e-05,"Unaffected ovary","ANXA1"
"SPRR2F.1",1.78368587177491e-09,0.419586910978477,0.256,0.146,5.41420009518555e-05,"Unaffected ovary","SPRR2F"
"HLA-E.1",1.01482771401901e-08,0.315301514887405,0.423,0.288,0.00030804080431333,"Unaffected ovary","HLA-E"
"MT-ND4L.1",1.12869258473661e-08,-0.288993430213358,0.6,0.717,0.00034260334717095,"Unaffected ovary","MT-ND4L"
"EGR1.1",3.99557063258233e-08,0.394712157439373,0.862,0.797,0.00121281550981404,"Unaffected ovary","EGR1"
"TOMM7.1",1.05910284995753e-07,0.251964445215663,0.892,0.802,0.0032148007907611,"Unaffected ovary","TOMM7"
"IGFBP7.1",1.06021709041137e-07,-0.391483621116235,0.391,0.464,0.00321818295623467,"Unaffected ovary","IGFBP7"
"SFRP1.1",1.24643307917642e-07,0.29649117131541,0.156,0.08,0.00378342296853211,"Unaffected ovary","SFRP1"
"RPS20.1",1.45714182181555e-07,0.293354746290531,0.974,0.928,0.00442300828593893,"Unaffected ovary","RPS20"
"APOE.1",2.93393993982386e-07,-0.309198824526672,0.092,0.187,0.00890568129334135,"Unaffected ovary","APOE"
"B2M.1",8.54664174726601e-07,-0.361777992403892,0.99,0.977,0.0259424763596512,"Unaffected ovary","B2M"
"TAGLN.1",1.15792251978294e-06,-0.448892161151682,0.28,0.404,0.0351475801654914,"Unaffected ovary","TAGLN"
"HSPB1.1",5.41674283066276e-06,-0.267717407518278,0.526,0.597,0.164419811881937,"Unaffected ovary","HSPB1"
"GADD45B.1",2.53238131096304e-05,-0.264297157012072,0.405,0.52,0.76867902312972,"Unaffected ovary","GADD45B"
